func,test_col_crop,test_col_crop,test_col_crop,test_col_crop,test_row_crop,test_row_crop,test_row_crop,test_row_crop,test_both_crop,test_both_crop,test_both_crop,test_both_crop
params,trial 0,trial 1,avg,yerr,trial 0,trial 1,avg,yerr,trial 0,trial 1,avg,yerr
1,0.1508093779993942,0.13218545599920617,0.14149741699930019,0.013169101538622286,0.12787380300142104,0.1274043100002018,0.12763905650081142,0.0003319816848817447,0.26040757200098597,0.2418664440010616,0.2511370080010238,0.013110557339594282
10,1.1410246350005764,1.1772079479997046,1.1591162915001405,0.02558546598747894,1.0772293680001894,1.0866244680000818,1.0819269180001356,0.006643338919849654,2.2664830689991504,2.3187338540010387,2.2926084615000946,0.036946884397155565
50,5.511854690999826,5.4662116750005225,5.489033183000174,0.03227448612691346,4.972951263998766,5.014935932000299,4.993943597999532,0.029687643449749522,10.870554705999893,10.83440749500005,10.852481100499972,0.025559938018970007
100,10.891198629000428,9.87560785200003,10.383403240500229,0.7181311253274961,9.641518205999091,9.887987777001399,9.764752991500245,0.1742803050118712,20.265732943998955,20.684175327998673,20.474954135998814,0.2958834472620659
200,20.025870805999148,18.75192493099894,19.388897868499043,0.9008157670772773,17.12029244199948,16.424097459999757,16.77219495099962,0.49228419280005153,33.21391949899953,32.14571748200069,32.67981849050011,0.7553328898970268
300,24.763708634000068,22.90809154300041,23.83590008850024,1.312119428331513,19.659974950000105,19.693037829998502,19.676506389999304,0.02337898665242356,43.91041899499942,43.78795479799919,43.849186896499305,0.08659526415142556
