func,test_col_crop,test_col_crop,test_col_crop,test_col_crop,test_row_crop,test_row_crop,test_row_crop,test_row_crop,test_both_crop,test_both_crop,test_both_crop,test_both_crop
params,trial 0,trial 1,avg,yerr,trial 0,trial 1,avg,yerr,trial 0,trial 1,avg,yerr
1,0.2183062529993549,0.20381600600012462,0.21106112949973976,0.010246151914223763,0.20513841999945726,0.20394967699940025,0.20454404849942875,0.0008405682364283466,0.38650688100005937,0.36915264400067827,0.3778297625003688,0.012271298664580859
10,2.173463057000845,1.9294480090002253,2.051455533000535,0.172544695152799,1.814775603000271,1.8174368400004823,1.8161062215003767,0.0018817787291939263,3.572090766000656,3.562826469999891,3.5674586180002734,0.006550846525060465
50,8.859249332000218,8.652413296000304,8.755831314000261,0.14625516364928356,8.684181079000155,8.668420814000456,8.676300946500305,0.011144190254584057,17.198016611999265,17.257941953000227,17.227979282499746,0.042373614986696735
100,16.519455011999526,16.47171271100069,16.49558386150011,0.033758904785724984,16.411758198000825,16.358311680000043,16.385034939000434,0.03779239530916241,33.105907267000475,32.97025338000003,33.03808032350025,0.09592178339232776
200,30.00658338300036,30.39830622200043,30.202444802500395,0.27698987580259377,28.99055699099972,29.255272669000078,29.1229148299999,0.187182251000447,59.45768641799987,59.288569586999984,59.373128002499925,0.11958365801279656
300,41.34233914200013,41.092428192000625,41.21738366700038,0.17671372743742073,38.15348676699978,38.24169002800045,38.19758839750011,0.06236912397634196,81.44147696699929,84.353103853,82.89729040999964,2.0588311153761687
